rank,class_id,class_name,count,cum_pct
1,600,Unibet,1569,8.853902149991535
2,495,Select,837,13.577111901134247
3,443,Puma,468,16.21804638564415
4,342,Länsförsäkringar,445,18.72919135488968
5,621,Volkswagen,273,20.26973647085379
6,525,Stadium,245,21.65227695953953
7,395,Nordic Wellness,235,22.97838722419728
8,11,AJ Produkter,213,24.180350995993454
9,15,Adidas logo,175,25.16787991648327
10,161,Enkla Elbolaget,155,26.042548388917105
11,269,Infoservice,145,26.86078663732295
12,388,Nike logo,139,27.645166751312004
13,94,CA Fastigheter,135,28.40697477568986
14,147,Eksjöhus,134,29.163139777664917
15,457,Renta,129,29.89108966762598
16,287,K-Bygg,129,30.619039557587044
17,214,Guldfågeln,124,31.318774335534112
18,666,merinfo,123,32.01286609107838
19,481,SVB,117,32.673099712205854
20,574,Telexia,117,33.333333333333336
21,326,Liljedahl,114,33.976637887252416
22,361,Maxi,113,34.614299418768695
23,172,Falkeskog,113,35.251960950284975
24,106,Coca Cola,112,35.883979459398454
25,134,EAB,109,36.49906890130354
26,349,MG,104,37.085943231194626
27,236,Hisstech AB,104,37.672817561085715
28,196,GDL,103,38.25404886857401
29,112,Craft,103,38.8352801760623
30,157,Elkejdan,96,39.377010326730996
31,498,Serneke,95,39.913097454996894
32,375,Mobill,94,40.44354156086
33,274,Intersport,90,40.9514135771119
34,517,Sparbanken,89,41.45364257096101
35,43,BRA,89,41.95587156481011
36,49,Barometern,88,42.45245753625642
37,87,Brixo,87,42.943400485299925
38,643,Zinkteknik,82,43.40612832232944
39,89,Bygg Construct,75,43.82935500253936
40,492,Scania,73,44.24129563794368
41,552,Säljfast,71,44.641950228542406
42,273,Input Interiör,71,45.04260481914113
43,291,KAMA,70,45.43761638733706
44,518,Sparbanken tekst,66,45.81005586592179
45,55,Bergkvarabuss,65,46.17685232210372
46,281,Jonab,64,46.53800575588285
47,559,TICTAC,61,46.882230122453585
48,441,Projob,60,47.22081146662152
49,408,OCAB,60,47.55939281078946
50,631,Weber,60,47.897974154957396
51,601,Unisport,59,48.23091247672253
52,590,Truecaller,59,48.56385079848767
53,203,Getinge,59,48.896789120252805
54,496,Select logo,58,49.224084419615146
55,460,Rexel,58,49.551379718977486
56,115,Cramo,58,49.87867501833982
57,355,Malmqvist,58,50.20597031770216
58,641,XL Bygg,57,50.5276225946617
59,521,Sportringen,57,50.84927487162124
60,167,Exiso,57,51.17092714858078
61,181,Flinks,57,51.49257942554032
62,69,Blåkläder,55,51.80294565769426
63,168,Extra,55,52.113311889848205
64,288,K-G Paulssons Bär & Grönsaker AB,54,52.418035099599344
65,158,Ellos,54,52.72275830935049
66,250,Hylte,54,53.02748151910163
67,145,Effektiv,54,53.33220472885277
68,661,inkClub,53,53.63128491620112
69,83,Bravida,51,53.91907905874386
70,104,ClickitUp,51,54.20687320128661
71,366,Mellby Gård,51,54.494667343829356
72,271,Infrakraft,50,54.7768184639693
73,407,Nöjd,50,55.05896958410925
74,627,Västkust Stugan,50,55.34112070424919
75,565,Tammp,50,55.62327182438914
76,674,Östras Stenungsbageriet,50,55.90542294452909
77,150,Eleda,49,56.181931042266235
78,505,Skolon,49,56.458439140003385
79,202,Garo,49,56.734947237740535
80,449,Ramo,49,57.011455335477685
81,648,bemt,49,57.28796343321483
82,587,Trebolit,48,57.558828508549176
83,486,Sandahls,48,57.829693583883525
84,99,Carpenter,48,58.100558659217874
85,120,DS Smith,48,58.37142373455222
86,24,ApQ,48,58.64228880988657
87,482,SVEA,47,58.90751086281813
88,207,Gjuteriteknik,47,59.17273291574968
89,121,Dahl,47,59.437954968681225
90,463,Road Rental,47,59.703177021612774
91,406,Näbo Bygg,45,59.95711302973873
92,42,BOA,44,60.20540601546188
93,416,Optimera,44,60.453699001185036
94,6,ABB,44,60.70199198690819
95,60,Bevego,44,60.950284972631344
96,467,Roxtec,44,61.1985779583545
97,599,Umbro,44,61.446870944077645
98,373,Mix Megapol,43,61.689520907398006
99,285,Järletoft Bygg,43,61.93217087071836
100,50,Bauhaus,43,62.17482083403871
101,90,Bygg-Bröderna S AB,42,62.411827774956265
102,240,Holmen,42,62.648834715873825
103,670,visolve,42,62.88584165679138
104,358,Maskin & Verktyg,41,63.11720557530614
105,494,Sefina Pantbank,41,63.34856949382089
106,673,Årsta tak,41,63.57993341233565
107,173,Fameco,40,63.80565430844761
108,442,Pulsen,40,64.03137520455957
109,359,Mataki,40,64.25709610067152
110,610,Vaksala Måleri,39,64.47717397438068
111,93,C Land Logistics,39,64.69725184808983
112,84,Bredbandsval.se,39,64.91732972179899
113,580,Tillmobil,39,65.13740759550815
114,620,Voky,39,65.35748546921731
115,480,STC,39,65.57756334292647
116,584,Toyo Tires,39,65.79764121663563
117,74,Boozt,39,66.01771909034478
118,450,Rasta,38,66.23215394165115
119,424,Parker,38,66.44658879295751
120,116,Crowe,37,66.65538062186107
121,477,SKYLT & NEON,37,66.86417245076463
122,14,Abri,37,67.07296427966818
123,452,Redeye,36,67.27611308616895
124,245,Hulten,36,67.47926189266971
125,237,Hitachi Energy,36,67.68241069917048
126,468,Rudholm Group,34,67.87427346086564
127,657,gibon,34,68.0661362225608
128,647,axelssons,34,68.25799898425596
129,632,Wellness Studio,33,68.44421872354833
130,623,Värnamo Energi,32,68.6247954404379
131,603,Upplands Bilforum AB,32,68.80537215732747
132,448,Ramirent,31,68.98030585181424
133,194,GA,31,69.155239546301
134,436,Pre Zero,31,69.33017324078777
135,378,Multi bygg,30,69.49946391287173
136,340,Luthagens Livs ICA,30,69.6687545849557
137,31,Assemblin,30,69.83804525703967
138,390,Nivika,30,70.00733592912364
139,646,amicus,30,70.1766266012076
140,544,Super Dæk,29,70.34027425088878
141,656,ggmgastro,29,70.50392190056995
142,306,Kundpartner,29,70.66756955025112
143,114,Craftor,29,70.83121719993228
144,12,ALT,29,70.99486484961345
145,180,Finnvedsbostäder,28,71.15286947689182
146,575,Telink,27,71.30523108176739
147,591,Tryck Cenrtum,27,71.45759268664297
148,345,MAX,27,71.60995429151853
149,665,marching on together ab,26,71.7566728739913
150,532,Stena Recycling,26,71.90339145646408
151,248,Hydroscand,26,72.05011003893685
152,317,Lantmännen Agroetanol,26,72.19682862140962
153,668,nominit,26,72.3435472038824
154,44,BST,26,72.49026578635517
155,659,granitor,26,72.63698436882794
156,298,Karaten,26,72.78370295130071
157,128,Direct Larm & Lås,26,72.93042153377348
158,218,HECO,25,73.07149709384346
159,405,Nyfosa,25,73.21257265391344
160,78,Borås Stad,25,73.3536482139834
161,107,Condesign,25,73.49472377405338
162,233,Harry Berglund Förvaltnings AB,25,73.63579933412336
163,92,Börjessons,25,73.77687489419333
164,555,Sölvesborgs kommun,25,73.9179504542633
165,211,Good Advice,25,74.05902601433327
166,557,TCL,25,74.20010157440325
167,166,Exceed,24,74.33553411207042
168,65,Björklunds Kafferosteri,24,74.4709666497376
169,570,Teknos,24,74.60639918740478
170,371,Metodgolv,24,74.74183172507195
171,103,Cityfastigheter,24,74.87726426273912
172,33,Auktionsbyrån Effecta AB,24,75.0126968004063
173,229,Handelsbanken,24,75.14812933807347
174,299,Klara,24,75.28356187574065
175,522,Sportway,23,75.41335139100502
176,579,Thermia Värmepumpar,23,75.5431409062694
177,669,sesol,23,75.67293042153378
178,45,BUFAB,23,75.80271993679816
179,672,Ångtvättbilen,23,75.93250945206252
180,275,Isobetong,23,76.0622989673269
181,380,Muskelcentrum,23,76.19208848259127
182,513,Social Zense,22,76.31623497545286
183,197,GE Bäst,22,76.44038146831443
184,502,Simplicity,22,76.56452796117601
185,260,ICA Supermarket,22,76.68867445403758
186,293,Kadesjös,22,76.81282094689917
187,108,Conductus AB,22,76.93696743976074
188,404,Nybyggar'n AB,22,77.06111393262232
189,433,Pontuz Löfgren,22,77.18526042548389
190,223,Habo,21,77.30376389594267
191,664,kvdbil,21,77.42226736640144
192,160,Elon,21,77.54077083686022
193,51,Beans in Cup,21,77.659274307319
194,249,Hygienteknik,21,77.77777777777777
195,660,iLoq,21,77.89628124823656
196,318,Larsson,20,78.00914169629253
197,48,Bad & Varme,20,78.12200214434851
198,23,Amokabel,20,78.2348625924045
199,26,Arbesko,20,78.34772304046047
200,548,Sydställningar,20,78.46058348851645
201,123,Daloc,20,78.57344393657243
202,474,SGA,20,78.6863043846284
203,70,BoViva,20,78.79916483268438
204,18,Ahlberg bil,20,78.91202528074037
205,220,HJT Service AB,20,79.02488572879635
206,478,SRM Stål & Rörmontage,19,79.13210315444952
207,419,Ove,19,79.2393205801027
208,526,Stadsporten,19,79.34653800575589
209,381,Månsson Rör,19,79.45375543140906
210,510,Skyltproduktion,19,79.56097285706224
211,535,StensbergsEl AB,19,79.66819028271543
212,32,Audicom Pendax,19,79.7754077083686
213,259,ICA Kvantum,19,79.88262513402178
214,322,Lendo,19,79.98984255967497
215,124,Demo Group,19,80.09705998532814
216,208,Gjuteriteknik tekst,19,80.20427741098132
217,534,Stenfastigheter,19,80.3114948366345
218,585,Tranpenad,19,80.41871226228768
219,86,Brion,19,80.52592968794086
220,556,TB Printsolutions,19,80.63314711359403
221,105,Clinton,19,80.74036453924722
222,328,Lindab,19,80.8475819649004
223,270,InfraCom,19,80.95479939055357
224,376,Mocca Deli,18,81.05637379380396
225,111,Corpay,18,81.15794819705434
226,616,Victoria,18,81.25952260030472
227,205,Gevab Group,18,81.3610970035551
228,311,LF Invest AB,18,81.46267140680548
229,461,Rimeda,18,81.56424581005587
230,500,Sfär,18,81.66582021330625
231,453,Reformhus,18,81.76739461655663
232,140,ELAK,18,81.86896901980701
233,476,SKAB,18,81.97054342305739
234,571,TekoTryck,18,82.07211782630777
235,431,Platinumcars,17,82.16804920715535
236,386,NTEX,17,82.26398058800294
237,37,B el & tele,17,82.35991196885051
238,411,Oatly,17,82.4558433496981
239,302,Konst Smide,17,82.55177473054567
240,138,EL Man,17,82.64770611139326
241,654,exakta,17,82.74363749224085
242,387,Nearyou,17,82.83956887308842
243,446,RO-gruppen,17,82.93550025393601
244,264,ITS,17,83.03143163478359
245,9,AH Sport & Business,17,83.12736301563118
246,456,Renova,16,83.21765137407596
247,507,Skrotfrag,16,83.30793973252074
248,558,TF Bank,16,83.39822809096552
249,61,Billy & Dennis,16,83.4885164494103
250,644,advokatbyrån novum,16,83.5788048078551
251,95,CLN Athletics,16,83.66909316629987
252,102,Cernera,16,83.75938152474465
253,251,Hyrex,16,83.84966988318943
254,438,Prefabsystem,16,83.93995824163422
255,332,Logomattan,16,84.030246600079
256,189,Frank Bistro,16,84.12053495852379
257,567,"Team ""G"" EL & VVS AB",16,84.21082331696857
258,469,Ryds Bilglas,16,84.30111167541335
259,266,Ifmetall,15,84.38575701145534
260,335,Lundagrossisten,15,84.47040234749731
261,17,Advokatfirman Landerdahl,15,84.5550476835393
262,519,Spolpatrullen,15,84.63969301958129
263,568,Techno Skruv,15,84.72433835562327
264,277,J&S Markservice AB,15,84.80898369166526
265,101,Cequred Security,15,84.89362902770723
266,186,Forza football,15,84.97827436374922
267,143,Easy Coffee,15,85.06291969979121
268,365,Mella el,15,85.1475650358332
269,504,Sjömarkens Svets och Smide AB,15,85.23221037187518
270,429,Picadeli,15,85.31685570791716
271,165,Estrella,15,85.40150104395914
272,343,Lönneberga,15,85.48614638000113
273,324,Let´s Create,15,85.57079171604312
274,312,LGL Construction,15,85.65543705208509
275,290,K-vagnen,15,85.74008238812708
276,479,STARK,15,85.82472772416907
277,583,Toveksbil VW,15,85.90937306021105
278,524,Stadax,15,85.99401839625304
279,76,Borohus,15,86.07866373229501
280,97,CTC Värmepumpar,15,86.163309068337
281,199,GN Transport,14,86.24231138197618
282,252,Härryda Karlsson,14,86.32131369561537
283,169,FR Fastighetsservice,14,86.40031600925455
284,10,AHNVIKS,14,86.47931832289375
285,315,LKQ Atracco,14,86.55832063653293
286,258,ICA City,14,86.6373229501721
287,338,Lundebergs Fastigheter logo,14,86.7163252638113
288,98,CWS,14,86.79532757745048
289,491,Scandic,14,86.87432989108967
290,418,Ottosson Truck,14,86.95333220472885
291,465,Rollup-Kungen,14,87.03233451836803
292,80,Borås Truckservice,14,87.11133683200723
293,549,Sydsvenskan,14,87.1903391456464
294,489,Sankt Jorgen Park,14,87.2693414592856
295,539,Städ & Fönsterservice,14,87.34834377292478
296,284,Jump Yard,14,87.42734608656396
297,286,Järngrinden,14,87.50634840020315
298,675,Øresundsbron,13,87.57970769143954
299,253,Hållanders Sägverk AB,13,87.65306698267592
300,174,Fat21,13,87.72642627391231
301,427,Peas of Heaven,13,87.7997855651487
302,382,NLY Man,13,87.87314485638508
303,628,Västtak,13,87.94650414762147
304,75,Borgstena of Sweden,13,88.01986343885785
305,379,Musiklageret,13,88.09322273009424
306,187,Fotriktigt,13,88.16658202133063
307,244,Hugo,13,88.23994131256701
308,369,Mercedes,13,88.3133006038034
309,77,Borås MurningsArbeten,13,88.38665989503978
310,341,Lyckholms Elektriska,13,88.46001918627617
311,396,Nordquist & Järnvall,13,88.53337847751256
312,589,Troax,13,88.60673776874894
313,451,Ravema,12,88.67445403758254
314,393,Norden,12,88.74217030641611
315,354,Malaco,12,88.8098865752497
316,135,EB Road Cargo,12,88.87760284408328
317,540,Ståthøga Verkstad AB,12,88.94531911291688
318,434,Port Du Soleil,12,89.01303538175047
319,501,Silvent,12,89.08075165058405
320,225,Halmstad Kakelhus,12,89.14846791941764
321,454,Rejlers,12,89.21618418825123
322,630,WebROPol,12,89.28390045708481
323,183,Folie & Papper,12,89.3516167259184
324,473,SEFAB,12,89.41933299475198
325,1,3M Peltor,12,89.48704926358558
326,626,Västerås Takentreprenad AB,11,89.54912251001636
327,400,Norteam,11,89.61119575644716
328,255,Högbergs Buss AB,11,89.67326900287794
329,217,Göteborgs Metallpartier,11,89.73534224930873
330,265,Idealtryck,11,89.79741549573951
331,372,Mitsubishi,11,89.85948874217031
332,602,Uponor,11,89.9215619886011
333,176,Finlarm,11,89.98363523503188
334,392,Nordea,11,90.04570848146267
335,188,Four Office,11,90.10778172789345
336,598,UGSAB,11,90.16985497432425
337,428,Pepsi,11,90.23192822075504
338,445,QTF,11,90.29400146718582
339,608,VMAR,11,90.35607471361661
340,57,Betonghål,11,90.4181479600474
341,520,Sport Vision,11,90.48022120647819
342,226,Halmstad stenhus,11,90.54229445290898
343,339,Lundqvist EL,11,90.60436769933976
344,241,HomeMaid,11,90.66644094577056
345,136,EFAB,11,90.72851419220135
346,593,Turbo,11,90.79058743863213
347,219,HFAB,11,90.85266068506292
348,34,Autocirc,10,90.9090909090909
349,67,Bloms AB,10,90.9655211331189
350,333,Loows Måleri,10,91.02195135714689
351,294,Kalmar Kuvert,10,91.07838158117488
352,279,Jisotech,10,91.13481180520287
353,594,Tvättex,10,91.19124202923085
354,458,Retur Papper Centralen,10,91.24767225325884
355,130,Domtrappkällaren,10,91.30410247728683
356,301,Konradssons Kakel,10,91.36053270131482
357,403,Nybloms,10,91.41696292534282
358,63,Biotage,10,91.4733931493708
359,204,Getinge logo,10,91.5298233733988
360,351,MMG Marine AB,10,91.58625359742678
361,280,JoelJolina,10,91.64268382145477
362,483,SafeScaff,10,91.69911404548276
363,215,Gunnars Maskiner,10,91.75554426951075
364,391,NordVPN,10,91.81197449353874
365,421,PULS,10,91.86840471756673
366,399,Norrvidinge,10,91.92483494159472
367,542,Sundström Safety,10,91.9812651656227
368,363,McDonald's,10,92.0376953896507
369,562,TL Bygg,10,92.09412561367868
370,432,Plåtkompaniet,10,92.15055583770668
371,149,Electrolux,10,92.20698606173467
372,4,52bones,10,92.26341628576266
373,353,Maksimer,10,92.31984650979065
374,362,Maxxis Tyres,9,92.37063371141583
375,658,ginatricot,9,92.42142091304102
376,28,Aros Kapital,9,92.47220811466622
377,330,Little Italy Barbershop,9,92.5229953162914
378,537,Storkökside,9,92.5737825179166
379,384,NSFastigheter,9,92.62456971954178
380,313,LGP Byggservice AB,9,92.67535692116698
381,586,Transschakt,9,92.72614412279216
382,357,Markentreprenad,9,92.77693132441736
383,615,VicApta,9,92.82771852604255
384,156,Elite Grand Hotel,9,92.87850572766774
385,385,NSgastro,9,92.92929292929293
386,572,Tele2,9,92.98008013091813
387,327,Lillebil,9,93.03086733254331
388,605,Uppsala Handelsstål,9,93.0816545341685
389,73,Bogstedt Bil,9,93.13244173579369
390,170,FSAB,9,93.18322893741887
391,133,EA,9,93.23401613904407
392,238,Hogbergs Buss AB Uppsala,9,93.28480334066926
393,53,Bemanningspoolen,9,93.33559054229445
394,235,Hestra,9,93.38637774391964
395,100,Castellum,9,93.43716494554484
396,192,Front Fasadgruppen,9,93.48795214717002
397,292,KYL Teknik,9,93.53873934879522
398,224,Halmstad,9,93.5895265504204
399,581,Toarps Plåtslageri AB,9,93.6403137520456
400,582,Torrbollen Home,9,93.69110095367078
401,263,IR,9,93.74188815529598
402,278,JOCR Media,9,93.79267535692117
403,257,ICA Bomben,9,93.84346255854636
404,347,MCR,9,93.89424976017155
405,410,OWB,9,93.94503696179675
406,38,BBM,9,93.99582416342193
407,110,Coor,9,94.04661136504711
408,497,Seniorarbeten,8,94.09175554426952
409,402,Notar,8,94.13689972349191
410,305,Kristina,8,94.1820439027143
411,447,Railway System,8,94.22718808193669
412,185,Formenta,8,94.27233226115908
413,296,Kappahl,8,94.31747644038147
414,144,Easypartner,8,94.36262061960386
415,85,Bricmate,8,94.40776479882625
416,356,Marielunds VVS,8,94.45290897804864
417,471,SDX,8,94.49805315727103
418,455,Rendo,8,94.54319733649342
419,81,Bostjärnan,8,94.58834151571581
420,364,Mediaflow,8,94.63348569493822
421,246,Humidus,8,94.6786298741606
422,242,Hotel Carlshamn,8,94.723774053383
423,506,Skrot Centralen,8,94.76891823260539
424,425,Paroy,8,94.81406241182778
425,614,Ventex Entreprenad AB,8,94.85920659105017
426,511,Smart Rail,8,94.90435077027256
427,655,friskis,8,94.94949494949495
428,531,Stena Fastigheter,8,94.99463912871734
429,216,Gäsene Mejeri,8,95.03978330793973
430,550,Syncify,8,95.08492748716212
431,118,Cupra,8,95.13007166638451
432,578,Thermia,8,95.17521584560691
433,635,Wilson Creative,8,95.2203600248293
434,321,Leijon,8,95.2655042040517
435,651,easyform,8,95.31064838327408
436,209,Glimstedt,8,95.35579256249648
437,536,Stigma,8,95.40093674171887
438,352,MOH-Maya,8,95.44608092094126
439,54,Bendt Bil,7,95.48558207776085
440,624,Värnamo Kommun,7,95.52508323458044
441,195,GBJ bygg,7,95.56458439140003
442,7,AF Gruppen,7,95.60408554821963
443,533,Stena Stål,7,95.64358670503923
444,459,Revisorsgruppen,7,95.68308786185881
445,191,Frejs,7,95.7225890186784
446,604,Uppsala Brygghus,7,95.762090175498
447,39,BBS Stål & Metaller,7,95.80159133231759
448,109,Coop,7,95.84109248913718
449,370,Meritum,7,95.88059364595678
450,3,4 Office,7,95.92009480277636
451,193,Fyhrs,7,95.95959595959596
452,29,Asfalt i Göteborg AB,7,95.99909711641556
453,148,El Linjen AB,7,96.03859827323514
454,412,Office,7,96.07809943005473
455,25,Aprofit SE,7,96.11760058687433
456,606,Uppsala Kommun,7,96.15710174369393
457,508,Skubbet,7,96.19660290051351
458,609,VVS Fålhagen,7,96.23610405733311
459,592,Tujo AB,7,96.2756052141527
460,409,OHLSSONS,7,96.31510637097229
461,319,Larsson & Karlsson Elinstallationer AB,7,96.35460752779188
462,663,kreativ teknik,7,96.39410868461148
463,515,Solhemsgruppen,7,96.43360984143106
464,206,GipsProffsen,7,96.47311099825066
465,547,Swedbank,7,96.51261215507026
466,618,Vinga Group,6,96.54647028948705
467,331,Locads,6,96.58032842390384
468,637,Winpos,6,96.61418655832064
469,72,Bofast,6,96.64804469273743
470,667,milael,6,96.68190282715422
471,64,Bjäre Chips,6,96.71576096157102
472,650,eQuality Fönster AB,6,96.74961909598781
473,607,Upsala GK,6,96.7834772304046
474,516,Sollentuna Emballagehantering AB,6,96.8173353648214
475,36,B Bodin Bygg & Byggledning AB,6,96.85119349923819
476,619,Vinnergi,6,96.88505163365498
477,59,Betongteknik i Mälardalen AB,6,96.91890976807179
478,337,Lundebergs Fastigheter,6,96.95276790248857
479,126,Din Maskin,6,96.98662603690536
480,394,NordiQ Group,6,97.02048417132217
481,5,AB Karl Hedin,6,97.05434230573896
482,210,Golvabia,6,97.08820044015575
483,56,Best Western,6,97.12205857457253
484,309,Kvik,6,97.15591670898934
485,625,Värnamo Nyheter,6,97.18977484340613
486,499,Serve You,6,97.22363297782292
487,638,WinsthGolv & Kakel,6,97.25749111223972
488,676,Østuna Shackt & Transport AB,6,97.29134924665651
489,636,Wilssons,6,97.3252073810733
490,213,Gothia Cup,5,97.3534224930873
491,377,Molins,5,97.38163760510129
492,617,Villalivet,5,97.40985271711529
493,2,3stepIT,5,97.43806782912928
494,529,Stema,5,97.46628294114328
495,487,Sanering,5,97.49449805315727
496,221,HSE,5,97.52271316517127
497,545,SveBag,5,97.55092827718526
498,153,Elgiganten,5,97.57914338919926
499,639,Wohlins,5,97.60735850121326
500,645,amber advokater,5,97.63557361322725
501,283,Jowema,5,97.66378872524123
502,139,EL VVS,5,97.69200383725523
503,129,Djurö Grävmaskiner AB,5,97.72021894926922
504,141,EXE Måleri,5,97.74843406128322
505,178,Finnvedens Expresstransport,5,97.77664917329722
506,551,Säkra,5,97.80486428531121
507,622,VärnaBo Fastigheter AB,5,97.8330793973252
508,560,TISAB,5,97.8612945093392
509,247,Husvagns Expo,5,97.8895096213532
510,68,Blyckert & Börjesson Måleri AB,5,97.9177247333672
511,239,Holmbergs,5,97.94593984538119
512,595,Tången,5,97.97415495739519
513,19,AllOffice,4,97.99672704700637
514,30,Asplunds Bygg,4,98.01929913661758
515,563,TSG,4,98.04187122622876
516,300,Klarin´s Rör,4,98.06444331583997
517,0,.DOT,4,98.08701540545115
518,58,Betongkompaniet i Stockholm AB,4,98.10958749506236
519,179,Finnvedens Trafikskola,4,98.13215958467354
520,262,IP Produkter AB,4,98.15473167428475
521,119,DOXA,4,98.17730376389595
522,131,DynaMate,4,98.19987585350714
523,336,Lundby Plåt,4,98.22244794311834
524,597,UFS,4,98.24502003272953
525,272,Inneklimat Värnamo,4,98.26759212234073
526,426,Passera,4,98.29016421195192
527,212,Gorilla Glue,4,98.31273630156312
528,71,Boards,4,98.33530839117431
529,588,Triller Mat & Bröd,4,98.35788048078551
530,346,MBF AB,4,98.3804525703967
531,435,Power Automation,4,98.4030246600079
532,182,Flytgolv i Landskrona AB,4,98.42559674961909
533,652,enigma,4,98.44816883923029
534,444,Puma tekst,4,98.4707409288415
535,488,Sanero,4,98.49331301845268
536,485,Saljfast,4,98.51588510806388
537,383,NP Nilsson,4,98.53845719767507
538,629,WD-40,4,98.56102928728627
539,222,HTC Högtryckscenter i Väst AB,4,98.58360137689746
540,230,HangOn,4,98.60617346650866
541,20,AllTransport,4,98.62874555611985
542,653,everbrand sweden.,4,98.65131764573105
543,423,Panasonic,4,98.67388973534224
544,398,Norima,3,98.69081880255065
545,132,Däck Partner,3,98.70774786975905
546,493,SealEco,3,98.72467693696744
547,475,SHARP,3,98.74160600417584
548,163,Ernst Textil,3,98.75853507138423
549,576,The Central Bar,3,98.77546413859262
550,46,BabyBjörn,3,98.79239320580103
551,13,AVIX,3,98.80932227300943
552,171,FVB,3,98.82625134021782
553,553,Söderbergs Bil,3,98.84318040742622
554,162,Ergoseat,3,98.86010947463461
555,117,Cuebid,3,98.877038541843
556,569,Tegnanders Fastighets AB,3,98.8939676090514
557,146,Ekerum Resort Öland,3,98.91089667625981
558,41,BLT,3,98.9278257434682
559,437,PreFast,3,98.9447548106766
560,640,Work System,3,98.961683877885
561,329,Lindbytvätten,3,98.97861294509339
562,368,Mellinger Fastigheter,3,98.99554201230178
563,344,MABI,3,99.01247107951019
564,462,Rivare,3,99.02940014671859
565,164,Escape Travel,3,99.04632921392698
566,671,Åke Ekstrand Byggnads,3,99.06325828113538
567,541,Sultan Kolgrill & Meze,3,99.08018734834377
568,414,One More,3,99.09711641555216
569,304,Kranpunkten,3,99.11404548276056
570,276,Ivar Svensson Trafik AB,3,99.13097454996897
571,350,MIN,3,99.14790361717736
572,154,Elgrossisten Holmro,3,99.16483268438576
573,282,Jour,3,99.18176175159415
574,484,Salboheds,3,99.19869081880255
575,8,AGB Service,3,99.21561988601094
576,47,Babylon Pizzeria,3,99.23254895321935
577,367,Mellinger Bil,3,99.24947802042774
578,430,Pinewood,2,99.26076406523335
579,503,Sirius,2,99.27205011003893
580,303,Kopparberg,2,99.28333615484453
581,564,TTM,2,99.29462219965014
582,22,Alvinssons AB,2,99.30590824445574
583,307,Kvarteret GIRAFFEN,2,99.31719428926132
584,348,MFF Play,2,99.32848033406692
585,82,Brandtown,2,99.33976637887253
586,334,Lotus Hotel Group,2,99.35105242367813
587,201,Gaismeister AB,2,99.36233846848371
588,159,Ellénius Buss,2,99.37362451328931
589,256,ICA,2,99.38491055809492
590,297,Kappex AB,2,99.39619660290052
591,200,GOTSAFE,2,99.40748264770612
592,232,Hansson Kapell AB,2,99.4187686925117
593,268,Infometric,2,99.4300547373173
594,422,PacsOn,2,99.44134078212291
595,420,PEAB,2,99.45262682692851
596,360,Mattr,2,99.4639128717341
597,27,Arken,2,99.4751989165397
598,612,Varbergs Stadshotell & Asia Spa,2,99.4864849613453
599,152,Elektriske Svea,2,99.4977710061509
600,389,Nike tekst,2,99.50905705095649
601,528,Steelpro,2,99.52034309576209
602,530,Stena,2,99.53162914056769
603,320,Leads,2,99.54291518537329
604,142,EXIN,2,99.55420123017889
605,440,Prison Island,2,99.56548727498448
606,190,Fransson Bygg AB,2,99.57677331979008
607,323,Lesjöfors,2,99.58805936459568
608,52,Beijer Byggmaterial,2,99.59934540940128
609,125,Dick Johansson Skogstransporter AB,2,99.61063145420687
610,415,OnePartnerGroup,2,99.62191749901247
611,633,Werna Sportfiske AB,2,99.63320354381807
612,177,Finnveden NU,2,99.64448958862367
613,554,Södertörns Däckservice AB,2,99.65577563342926
614,649,duoplåt Plåtslageri,2,99.66706167823486
615,613,Varis Förvaltning,2,99.67834772304046
616,527,Stayhot,2,99.68963376784606
617,546,Svenska Höjdbolaget,2,99.70091981265166
618,137,EL & Energioptimering,1,99.70656283505446
619,413,Olle Lind Golv AB,1,99.71220585745725
620,261,IGS Capital,1,99.71784887986006
621,325,Libergs Sweden AB,1,99.72349190226285
622,470,SAB,1,99.72913492466566
623,184,Forenede Care,1,99.73477794706845
624,634,West Timber,1,99.74042096947124
625,228,Hammarstedt's Kyl & Inneklimat AB,1,99.74606399187405
626,234,Herrljunga cider,1,99.75170701427685
627,401,Norén & Lindholm,1,99.75735003667964
628,397,Nordström Advokater,1,99.76299305908245
629,231,Hanninge Terrazzology AB,1,99.76863608148524
630,314,LK Buss AB,1,99.77427910388805
631,155,Elitdecor,1,99.77992212629084
632,523,Sportway logo,1,99.78556514869364
633,543,Sundtorps Gård,1,99.79120817109644
634,40,BDS,1,99.79685119349924
635,21,Alvelid Engineering,1,99.80249421590204
636,295,Kalmar Sotning & Ventilation AB,1,99.80813723830484
637,538,Stranda,1,99.81378026070763
638,509,Skylt-Reklam,1,99.81942328311044
639,151,Elektrikerna i Nybro,1,99.82506630551323
640,91,Böda Sand,1,99.83070932791603
641,289,K-V Bygg,1,99.83635235031883
642,514,Solel,1,99.84199537272163
643,316,LM Stålteknik AB,1,99.84763839512443
644,642,Yaskawa,1,99.85328141752723
645,175,Fem Hjärtan Fastigheter,1,99.85892443993002
646,417,Oscar Hansson VVS,1,99.86456746233283
647,267,InfoPrint,1,99.87021048473562
648,561,TISAB Tak,1,99.87585350713843
649,577,The Mobile Life,1,99.88149652954122
650,573,Teleoption,1,99.88713955194402
651,88,Brunna Schakt,1,99.89278257434682
652,472,SE sol,1,99.89842559674962
653,596,UCS IT Solutions,1,99.90406861915241
654,308,Kvibergs Överskottslager AB,1,99.90971164155522
655,79,Borås Tidning,1,99.91535466395801
656,310,Kvinner For Fred,1,99.92099768636082
657,127,Dinner 22,1,99.92664070876361
658,66,Björklunds Kafferosteri tekst,1,99.93228373116641
659,96,CS Maskin,1,99.93792675356922
660,566,Tarkett,1,99.94356977597201
661,662,j:retail,1,99.94921279837482
662,113,Craft tekst,1,99.95485582077761
663,490,Saschas Familjearbete AB,1,99.9604988431804
664,374,Mizuno,1,99.96614186558321
665,466,Ronneby Brunn,1,99.971784887986
666,254,Högberg Buss AB,1,99.9774279103888
667,512,Snickeriportalen,1,99.9830709327916
668,243,Hotel Plaza,1,99.9887139551944
669,439,Presto,1,99.9943569775972
670,227,Hammarby Construction AB,1,100.0
